Date, papers, inproceedings papers, arxiv papers, journal papers 
20220715, 4444, 2716, 1085, 643 
20220720, 4444, 2716, 1085, 643 
20220720, 4467, 2736, 1085, 646 
20220722, 4467, 2736, 1085, 646 
20220722, 4467, 2736, 1085, 646 
20220722, 4467, 2736, 1085, 646 
20220722, 4467, 2736, 1085, 646 
20220722, 4467, 2736, 1085, 646 
20220722, 4467, 2736, 1085, 646 
20220722, 4467, 2736, 1085, 646 
20220722, 4467, 2736, 1085, 646 
20220722, 4467, 2736, 1085, 646 
20220722, 4467, 2736, 1085, 646 
20220722, 4467, 2736, 1085, 646 
20220722, 4467, 2736, 1085, 646 
20220722, 4467, 2736, 1085, 646 
20220722, 4467, 2736, 1085, 646 
20220722, 4467, 2736, 1085, 646 
20220722, 4467, 2736, 1085, 646 
20220722, 4467, 2736, 1085, 646 
20220803, 4467, 2736, 1085, 646 
20220803, 4905, 3173, 1085, 647 
20221003, 4905, 3173, 1085, 647 
20221003, 4948, 3214, 1086, 648 
20221003, 4948, 3214, 1086, 648 
20221003, 4948, 3214, 1086, 648 
20221003, 4948, 3214, 1086, 648 
20221003, 4948, 3214, 1086, 648 
20221003, 4948, 3214, 1086, 648 
20221003, 4948, 3214, 1086, 648 
20221003, 4948, 3214, 1086, 648 
20221003, 4948, 3214, 1086, 648 
20221109, 4992, 3226, 1099, 667 
20221117, 4992, 3226, 1099, 667 
20221117, 4992, 3226, 1099, 667 
20221117, 5038, 3269, 1101, 668 
20221117, 5038, 3269, 1101, 668 
20221205, 5038, 3269, 1101, 668 
20221205, 5038, 3269, 1101, 668 
20221205, 5038, 3269, 1101, 668 
20221205, 5038, 3269, 1101, 668 
