10.4230/lipics.cpm.2017.22	tandem repeats	distinct squares	counting algorithms
10.4230/lipics.esa.2020.32	2D-run	quartic	run	square	Theory of computation → Pattern matching
10.4230/lipics.icalp.2021.63	String algorithms	Lyndon array	runs	squares	longest common extension	general ordered alphabets	combinatorics on words	Theory of computation → Design and analysis of algorithms
10.4230/lipics.cpm.2018.7	Lempel-Ziv 1977	Matching Statistics	Run-Length Compressed Burrows-Wheeler Transform	Theory of computation → Data compression
10.4230/lipics.cpm.2021.16	weighted de Bruijn graphs	k-mer annotation	compressed data structures	partial sums	Theory of computation → Data compression	Theory of computation → Data structures design and analysis
10.4230/lipics.cpm.2021.17	Hierarchical Overlap Graphs	String algorithms	Genome assembly	Mathematics of computing → Trees	Theory of computation → Data compression	Theory of computation → Pattern matching
10.4230/lipics.cpm.2021.22	overlap graph	hierarchical overlap graph	shortest superstring problem	border array	Theory of computation → Pattern matching
10.4230/lipics.isaac.2016.18	Relative compression	dynamic compression	dynamic partial sum	sub-string concatenation	external macro compression
10.4230/lipics.isaac.2016.34	Suffix Tree	Sparsification	Rabin-Karp Fingerprint	Probabilistic z-Fast Trie	Succinct Data-Structures
10.4230/lipics.cpm.2016.4	weighted sequence	position weight matrix	indexing	weighted suffix tree
10.4230/lipics.isaac.2016.46	weighted sequence	position weight matrix	profile matching
10.4230/lipics.stacs.2017.19	Unavoidable patterns	combinatorics on words	lower bounds
10.4230/lipics.sea.2017.13	lossless compression	compression framework	compression library	algorithm engineering	application of string algorithms
10.4230/lipics.sea.2017.11	C++	dynamic	compression	data structure	bitvector	string
10.4230/lipics.sea.2017.15	Text Indexing	Succinct Data Structures	Top-k Document Retrieval
10.4230/lipics.esa.2016.61	LCP array	suffix array	external memory algorithms
10.4230/lipics.sea.2017.17	LCP array	suffix array	external memory algorithms
10.4230/lipics.sea.2017.16	Wavelet tree	Online construction
10.4230/lipics.cpm.2017.1	compressed data structures	pattern matching
10.4230/lipics.fsttcs.2014.291	Data Structures	Order Statistics	Succinct Data Structures	Space-efficient Data Structures
10.4230/lipics.fsttcs.2016.36	Compression	Grammars	Finger search	Algorithms
10.4230/lipics.cpm.2017.19	string algorithms	indexing	jumbled pattern matching	run-length encoding
10.4230/lipics.cpm.2017.17	Lempel-Ziv	Burrows-Wheeler transform	compressed computation	repetitive text collections
10.4230/lipics.cpm.2017.4	repetitive string collections	document listing	grammar compression	range minimum queries	succinct data structures
10.4230/lipics.cpm.2017.7	CDAWG	suffix tree	heavy path decomposition	maximal repeat	context-free grammar
10.4230/lipics.mfcs.2016.69	string algorithms	shortest unique substring	run-length encoding
10.4230/lipics.cpm.2017.24	shortest unique substrings	maximal unique substrings
10.4230/lipics.stacs.2016.39	combinatorics on words	counting algorithms
10.4230/lipics.cpm.2017.16	compressed indexing	pattern matching	LZ77	prefix search
10.4230/lipics.cpm.2017.20	longest common subsequence	STR-IC-LCS	run-length encoding
10.4230/lipics.icalp.2017.25	Dynamic Time Warping	Geometric Edit Distance	Time Series	Points Matching	Geometric Matching
10.4230/lipics.icalp.2017.62	LCP array	string inference	BWT	suffix array	suffix tree	NP-hardness
10.4230/lipics.mfcs.2017.18	Word Equations	Regular Patterns	Regular Constraints
10.4230/lipics.mfcs.2017.20	binary search	graph	approximate query	probabilistic algorithm	lower bound.
10.4230/lipics.esa.2017.16	Dynamic Arrays	Tiered Vectors
10.4230/lipics.esa.2017.58	Dynamic data structures	open addressing	closed hashing	cuckoo hashing	space efficiency
10.4230/lipics.esa.2017.53	LZ-End	LZ77	construction algorithm	linear time
10.4230/lipics.wabi.2017.4	overabundant words	avoided words	suffix tree	DNA sequence analysis
10.4230/lipics.wabi.2017.18	de Bruijn graph	succinct data structures	rank and select operation	colored de Bruijn graph
10.4230/lipics.esa.2017.67	Grammar compression	fully-online algorithm	succinct data structure
10.4230/lipics.isaac.2017.33	maximal repetitions	run length encoding
10.4230/lipics.isaac.2017.57	Succinct data structures	Self-indexes	Suffix arrays	Deterministic construction
10.4230/lipics.stacs.2018.37	random binary search tree	buffer	average depth	concurrent data structures
10.4230/lipics.stacs.2018.46	Lempel-Ziv	LZ77 encoding	greedy LZ77	bit optimal LZ77
10.4230/lipics.stacs.2018.48	longest common prefix	context-free languages	combinatorics on words
10.4230/lipics.stacs.2013.245	Abelian period	greatest common divisor
10.4230/lipics.stacs.2018.44	longest increasing subsequence	patience sorting	space-efficient algorithm
10.4230/lipics.stacs.2018.54	finite automaton	nested-word automaton	decision procedure	palindrome	additive number theory
10.4230/lipics.stacs.2018.52	Oblivious RAM	Succinct data structure	Balls-into-bins
10.4230/lipics.swat.2018.17	Succinct Data Structures	Range Searching	Computational Geometry
10.4230/lipics.cpm.2017.5	succinct data structures	integer functions	range queries	trees and permutations
10.4230/lipics.cpm.2018.1	algorithms	string comparison	longest common subsequence	constrained longest common subsequence
10.4230/lipics.cpm.2018.3	Lossless data compression	BWT	Tunneling
10.4230/lipics.cpm.2018.2	Order-preserving pattern matching	Indeterminate string analysis	Generic pattern matching	Satisfiability
10.4230/lipics.cpm.2018.15	squares	subsequences	matching rectangles	dynamic programming
10.4230/lipics.cpm.2018.16	top trees	compression	tree grammars
10.4230/lipics.cpm.2018.24	Lyndon word	Lyndon factorization	Straight line program
10.4230/lipics.icalp.2018.45	tree edit distance	dynamic programming	heavy light decomposition
10.4230/lipics.isaac.2016.12	Pattern matching	Dictionary matching	3SUM	Triangle reporting
10.4230/lipics.stacs.2013.400	Pattern matching	streaming algorithms	randomized algorithms
10.4230/lipics.esa.2018.25	dynamic data structures	range query	range mode	range least frequent	range k-frequency
10.4230/lipics.esa.2018.38	Data Structures	Binary Search Trees	Adaptive Alphabetic Coding
10.4230/lipics.esa.2018.45	String Matching	Decision Tree Complexity	Boolean Function	Algebraic Method
10.4230/lipics.esa.2018.52	Dictionary compression	String attractors	Set cover
10.4230/lipics.esa.2018.4	Sorting algorithms	Merge sorting algorithms	TimSort	Analysis of algorithms
10.4230/lipics.wabi.2018.3	BWT	LCP Array	SNPs	Reference-free	Assembly-free
10.4230/lipics.esa.2018.63	adaptive sorting	nearly-optimal binary search trees	Timsort
10.4230/lipics.wabi.2018.10	Burrows-Wheeler Transform	Longest Common Prefix Array	All pairs suffix-prefix overlaps	Succinct de Bruijn graph	Maximal repeats
10.4230/lipics.wabi.2018.12	Optical mapping	index based data structures	FM-index	graph algorithms
10.4230/lipics.wabi.2018.15	Pan-genome indexing	founder reconstruction	dynamic programming	positional Burrows-Wheeler transform	range minimum query
10.4230/lipics.wabi.2018.20	Variable-Number Tandem Repeats	Copy number	Bacterial genomics
10.4230/lipics.wabi.2018.22	Intra-tumor heterogeneity	tumor evolution	multi-labeled tree	tree edit distance	dynamic programming
10.4230/lipics.mfcs.2018.66	Dictionary look-up	Hamming distance	compact data structures
10.4230/lipics.isaac.2017.44	data structures	space efficiency	constant-time initialization	on-the-fly initialization	arrays
10.4230/lipics.mfcs.2018.65	space efficiency	succinct c-ary memory	dynamic graph representation
10.4230/lipics.isaac.2018.68	Majorities on Trees	Succinct data structures
10.4230/lipics.isaac.2018.69	Encoding model	top-k query	range minimum query
10.4230/lipics.isaac.2018.55	binary search trees	dynamic optimality	finger search	k-server
10.4230/lipics.itcs.2019.11	Property Testing	Local Properties	Monotonicity Testing	Hypergrid	Pattern Matching
10.4230/lipics.stacs.2019.30	sequences	alternating runs	patterns in permutations	Theory of computation → Design and analysis of algorithms	Theory of computation → Data structures design and analysis
10.4230/lipics.cpm.2019.1	periodicity	pattern matching	Hamming distance	Theory of computation → Pattern matching
10.4230/lipics.cpm.2019.3	comparative genomics	syntenic blocks	gene clusters	reconciliation of gene and species trees	Applied computing → Computational biology
10.4230/lipics.cpm.2019.4	Rank	Select	Dictionary compression	String Attractors	Theory of computation → Data compression	Theory of computation → Cell probe models and lower bounds
10.4230/lipics.cpm.2019.6	off-the-shelf indexing algorithms	general matching relations	weaker sufficient conditions for indexing	Theory of computation → Pattern matching
10.4230/lipics.cpm.2019.7	Burrows-Wheeler Transform	LCP array	DNA reads	Theory of computation → Data structures design and analysis	Theory of computation → Data compression
10.4230/lipics.cpm.2019.9	Burrows-Wheeler Transform	Lempel-Ziv Parsing	Lossless Data Compression	Theory of computation → Data compression
10.4230/lipics.cpm.2019.10	BWT	suffix tree	CDAWG	de Bruijn graph	maximal repeat	string depth	contraction	bidirectional index	Theory of computation → Data structures design and analysis	Theory of computation → Design and analysis of algorithms
10.4230/lipics.cpm.2019.20	Colourful component	colourful partition	tree	treewidth	vertex cover	Mathematics of computing → Graph theory
10.4230/lipics.cpm.2019.5	Maximal strip recovery	complementary maximal strip recovery	computational genomics	approximation algorithm	local search	Theory of computation → Design and analysis of algorithms
10.4230/lipics.cpm.2019.26	Overlap graph	de Bruijn graph	DNA sequencing	Succinct ordinal trees	Applied computing → Computational biology	Information systems → Data compression
10.4230/lipics.stacs.2018.38	order-preserving pattern matching	period	efficient algorithm
10.4230/lipics.cpm.2019.16	Cartesian tree matching	Pattern matching	Indexing	Parent-distance representation	Theory of computation → Pattern matching
10.4230/lipics.cpm.2019.28	Tree rearrangement distance	Cancer progression	Approximation algorithms	Computational complexity	Mathematics of computing → Trees	Mathematics of computing → Graph theory
10.4230/lipics.cpm.2019.31	Longest repeated substring	longest repeated reversed substring	streaming algorithm	Karp	Rabin fingerprint	suffix tree	Theory of computation → Streaming, sublinear and near linear time algorithms
10.4230/lipics.cpm.2019.13	multiple pattern matching	compressed space	Aho--Corasick automaton	Theory of computation → Pattern matching
10.4230/lipics.cpm.2019.19	dichotomic selection	text algorithms	analysis of algorithms	average case analysis of algorithms	trie	suffix array	lcp-array	information theory	numeration process	sources	entropy	coincidence	analytic combinatorics	depoissonization techniques	Theory of computation → Data structures design and analysis	Theory of computation → Randomness, geometry and discrete structures	Theory of computation → Sorting and searching	Theory of computation → Pattern matching	Mathematics of computing → Combinatorics on words	Mathematics of computing → Discrete mathematics
10.4230/lipics.cpm.2019.23	runs	Lyndon words	Mathematics of computing → Combinatorial algorithms	Mathematics of computing → Combinatorics on words
10.4230/lipics.cpm.2019.32	antiperiod	antipower	power	period	repetition	run	string	Mathematics of computing → Combinatorial algorithms
10.4230/lipics.cpm.2016.27	Squares	Runs	Factorization of Strings
10.4230/lipics.stacs.2017.45	Lempel-Ziv factorization	Lempel-Ziv parsing	LZ	Lyndon word	Lyndon factorization	Standard factorization
10.4230/lipics.cpm.2019.29	Lyndon factorization	Lyndon words	Lempel-Ziv factorization	Mathematics of computing → Combinatorics on words
10.4230/lipics.cpm.2019.8	RNA secondary structure	RNA folding	Safe solution	Safe and complete algorithm	Counting problem	Theory of computation → Dynamic programming	Applied computing → Life and medical sciences	Applied computing → Molecular structural biology	Theory of computation → Design and analysis of algorithms
10.4230/lipics.mfcs.2016.38	string algorithms	DAWGs	suffix trees	minimal absent words
10.4230/lipics.cpm.2019.30	Indexing structure	Linear-size suffix trie	Online algorithm	Pattern Matching	Theory of computation → Data structures design and analysis	Theory of computation → Pattern matching
10.4230/lipics.icalp.2019.95	Order queries	word RAM	lower bounds	Theory of computation → Data structures design and analysis
10.4230/lipics.cpm.2016.26	parallel algorithms	pattern matching	approximate string matching
10.4230/lipics.cpm.2018.12	maximal palindromes	edit operations	periodicity	suffix trees
10.4230/lipics.cpm.2016.21	Randomised algorithms	string similarity measures	longest common substring	sketching	locality-sensitive hashing
10.4230/lipics.esa.2019.41	text compression	bidirectional parsing	text decompression	external algorithms	Theory of computation → Data compression
10.4230/lipics.stacs.2019.24	Retrieval	Hashing	Succinct Data Structure	Randomised Data Structure	Structured Gaussian Elimination	Method of Four Russians	Theory of computation → Data structures design and analysis
10.4230/lipics.swat.2016.12	closest string	PTAS	efficient PTAS
10.4230/lipics.isaac.2019.4	pattern matching	tree compression	top trees	pointer machine	Theory of computation → Design and analysis of algorithms
10.4230/lipics.esa.2016.44	wildcards	don't-cares	streaming pattern matching	fingerprints
10.4230/lipics.cpm.2017.13	approximate pattern matching	edit distance	randomised algorithms	streaming algorithms	communication complexity
10.4230/lipics.isaac.2019.40	generic words	suffix trees	string processing algorithms	Mathematics of computing → Combinatorial algorithms	Mathematics of computing → Combinatorics on words
10.4230/lipics.isaac.2019.57	data structures	approximate range query	range mode	range median	Theory of computation → Data structures design and analysis
10.4230/lipics.stacs.2016.23	External memory	priority search tree	3-sided range reporting	top-k queries
10.4230/lipics.stacs.2020.10	string indexing	compression	pattern matching	Theory of computation → Design and analysis of algorithms
10.4230/lipics.cpm.2019.11	compression	empirical entropy	parsing	lower bounds	Theory of computation → Data compression
10.4230/lipics.fsttcs.2016.35	Tree grammars	Grammar compression	LZ77	SLP	Tree compression
10.4230/lipics.stacs.2020.22	succinct data structures	labeled tree	ordered tree	entropy	tree entropy	Theory of computation → Design and analysis of algorithms
10.4230/lipics.stacs.2020.18	pattern matching	superimposed codes	conditional lower bounds	Theory of computation → Pattern matching
10.4230/lipics.stacs.2020.30	discrete acyclic convolutions	string-cadences	geometric algorithms	number theoretic transforms	Mathematics of computing → Combinatorial algorithms	Mathematics of computing → Combinatorics on words	Theory of computation → Computational geometry	Computing methodologies → Number theory algorithms
10.4230/lipics.stacs.2020.41	longest common increasing subsequence	log-shaving	matching pairs	Theory of computation → Design and analysis of algorithms
10.4230/lipics.sea.2020.3	Compressed Text Indexing	Theory of computation → Data compression	Theory of computation → Sorting and searching	Theory of computation → Pattern matching
10.4230/lipics.sea.2020.7	compact hashing	hash table	separate chaining	Theory of computation → Sorting and searching
10.4230/lipics.sea.2020.12	property testing	suffix tree	pattern mining	Theory of computation → Design and analysis of algorithms
10.4230/lipics.sea.2020.13	String matching algorithm	text processing	Theory of computation → Pattern matching
10.4230/lipics.cpm.2020.1	paths	exterior algebra	wedge product	color-coding	parameterized complexity	Theory of computation → Fixed parameter tractability	Mathematics of computing → Paths and connectivity problems	Mathematics of computing → Graph algorithms
10.4230/lipics.cpm.2020.2	Anticover	String algorithms	Stringology	NP-complete	Mathematics of computing → Combinatorics on words
10.4230/lipics.sea.2020.25	Segment Trees	Dynamic Segment Trees	Zip Trees	Data Structures	Theory of computation → Sorting and searching	Information systems → Point lookups
10.4230/lipics.cpm.2020.4	pattern matching	document retrieval	category tree	space-efficient data structures	Theory of computation → Pattern matching	Information systems → Document representation	Information systems → Information retrieval query processing	Theory of computation → Data structures design and analysis
10.4230/lipics.cpm.2020.6	Tree distance	Cancer progression	Approximation algorithms	Fine-grained complexity	Theory of computation → Design and analysis of algorithms	Theory of computation → Approximation algorithms analysis	Theory of computation → Problems, reductions and completeness
10.4230/lipics.cpm.2020.7	String algorithms	data sanitization	edit distance	dynamic programming	conditional lower bound	Theory of computation → Pattern matching
10.4230/lipics.cpm.2020.11	edit distance	tree reconstruction	information propagation	chain letters	Mathematics of computing → Combinatorial algorithms	Applied computing → Law, social and behavioral sciences
10.4230/lipics.cpm.2019.25	longest common factor	circular pattern matching	internal pattern matching	intersection of hyperrectangles	Theory of computation → Pattern matching
10.4230/lipics.cpm.2020.12	string algorithms	pattern matching	bit parallelism	subsequences	cadences	Mathematics of computing → Combinatorial algorithms
10.4230/lipics.cpm.2016.28	minimal suffix	minimal rotation	Lyndon factorization	substring canon- ization	substring queries
10.4230/lipics.cpm.2019.27	palindromes	string algorithm	periodicity	Mathematics of computing → Combinatorial algorithms
10.4230/lipics.cpm.2020.10	combinatorics on words	Levenshtein distance	edit distance	Theory of computation → Pattern matching
10.4230/lipics.cpm.2020.17	NP-hard problem	fixed-parameter algorithms	collision-aware string partitioning	Theory of computation → Parameterized complexity and exact algorithms	Theory of computation → Pattern matching
10.4230/lipics.cpm.2019.21	Streaming	multiple pattern matching	Hamming distance	Theory of computation → Pattern matching
10.4230/lipics.cpm.2020.20	fixed-parameter tractability	consensus string problems	Closest String	Closest String with Wildcards	Theory of computation → Parameterized complexity and exact algorithms	Theory of computation → Pattern matching
10.4230/lipics.esa.2017.41	multi-pattern	dictionary	streaming pattern matching	fingerprints
10.4230/lipics.cpm.2020.15	Streaming pattern matching	Hamming distance	k-mismatch	Theory of computation → Pattern matching
10.4230/lipics.cpm.2020.22	Computational genomics	cancer genomics	copy number profiles	NP-hardness	approximation algorithms	FPT algorithms	Theory of computation
10.4230/lipics.cpm.2017.25	periodicity	quasi-periodicity	cover	approximate cover	data recovery
10.4230/lipics.cpm.2017.26	periodicity	quasi-periodicity	cover	approximate cover
10.4230/lipics.cpm.2020.13	Data Structures	Suffix Trees	String Algorithms	Compression	Burrows - Wheeler transform	FM-Index	Theory of computation → Data structures design and analysis
10.4230/lipics.cpm.2020.16	approximation algorithms	string similarity	LSH	conditional lower bounds	Theory of computation → Pattern matching
10.4230/lipics.cpm.2020.26	parameterized matching	suffix trees	DAWGs	suffix automata	Theory of computation → Pattern matching
10.4230/lipics.cpm.2020.28	consensus string problems	time series averaging	minimum 1-separated sum	sparse strings	Theory of computation → Dynamic programming	Theory of computation → Pattern matching
10.4230/lipics.cpm.2020.23	Orthogonal Range Search	Succinct Data Structure	Suffix Array	Theory of computation → Models of computation
10.4230/lipics.cpm.2019.18	Maximal repeats	Combinatorics on compressed strings	LZ77	Compact suffix automata	CDAWGs	Mathematics of computing → Combinatorics on words	Mathematics of computing → Combinatoric problems
10.4230/lipics.cpm.2020.18	approximate cover	approximate seed	enhanced cover	Hamming distance	edit distance	Theory of computation → Pattern matching
10.4230/lipics.cpm.2020.29	Approximate Pattern Matching	𝓁₂ Distance	𝓁₁ Distance	Hamming Distance	Approximation Algorithms	Combinatorial Algorithms	Theory of computation → Sketching and sampling	Theory of computation → Approximation algorithms analysis
10.4230/lipics.cpm.2020.9	string alignment	edit distance	longest common subsequence	(unit-)Monge matrices	(min	+)-product	Theory of computation → Pattern matching
10.4230/lipics.swat.2016.8	approximate set	Bloom filter	cuckoo filter	cuckoo hashing
10.4230/lipics.cpm.2020.19	WLCS	LCS	weighted sequences	approximation algorithms	lower bound	Theory of computation → Approximation algorithms analysis	Theory of computation → W hierarchy	Theory of computation → Problems, reductions and completeness
10.4230/lipics.swat.2020.31	Lattice	Partially-ordered set	Space-efficient data structure	Succinct data structure	Theory of computation	Mathematics of computing → Graph algorithms
10.4230/lipics.isaac.2017.30	Succinct Data Structures	Range Searching	Computational Geometry
10.4230/lipics.socg.2020.28	Range searching	geometric data structures	randomized incremental construction	random sampling	word RAM	Theory of computation → Computational geometry	Theory of computation → Data structures design and analysis
10.4230/lipics.socg.2020.59	Range searching	geometric data structures	word RAM	Theory of computation → Computational geometry	Theory of computation → Data structures design and analysis
10.4230/lipics.cpm.2018.11	Dynamic Algorithms	Periodicity	Longest Common Factor	Priority Queue Data Structures	Suffix Tree	Balanced Search Tree	Range Maximum Queries
10.4230/lipics.esa.2019.6	longest common substring	string algorithms	dynamic algorithms	Theory of computation → Pattern matching
10.4230/lipics.stacs.2019.42	Depth First Search	DFS	Semi-Streaming	Streaming	Algorithm	Theory of computation → Graph algorithms analysis	Theory of computation → Data structures design and analysis	Theory of computation → Streaming, sublinear and near linear time algorithms
10.4230/lipics.sea.2018.17	Matching statistics	maximal repeat	Burrows-Wheeler transform	wavelet tree	suffix tree topology
10.4230/lipics.cpm.2019.24	Data Structure	Algorithm	Aho-Corasick Tree	compression	RLE	Mathematics of computing → Discrete mathematics	Theory of computation → Randomness, geometry and discrete structures	Theory of computation → Data structures and algorithms for data management
10.4230/lipics.cpm.2019.12	Data Indexing and Compression	Burrows-Wheeler Transformation	Combinatorics on Words	Theory of computation → Data compression	Mathematics of computing → Combinatorial algorithms
10.4230/lipics.esa.2019.51	Burrows–Wheeler transform	string algorithms	suffix trees	NP-completeness	Theory of computation → Design and analysis of algorithms
10.4230/lipics.cpm.2020.3	double string	tandem repeat	2-dimensional	scale	Theory of computation → Design and analysis of algorithms	Theory of computation → Pattern matching
10.4230/lipics.esa.2018.2	pattern matching algorithms	repetitions	periodicity	two-dimensional
10.4230/lipics.isaac.2019.22	string algorithms	dictionary matching	internal pattern matching	Theory of computation → Pattern matching
10.4230/lipics.cpm.2017.6	suffix tree	suffix array	deterministic algorithm	word packing
10.4230/lipics.cpm.2020.24	data structures	string indexes	Theory of computation → Data structures design and analysis
10.4230/lipics.esa.2020.61	Edit Distance	Median String	Center String	SETH	Theory of computation → Design and analysis of algorithms
10.4230/lipics.esa.2020.77	quasiperiodicity	cover of a string	2-cover	lambda-cover	Theory of computation → Pattern matching
10.4230/lipics.itcs.2020.41	Kolmogorov-Randomness	Nonadaptive Reduction	BPP	Symmetric Alternation	Theory of computation → Complexity classes	Theory of computation → Problems, reductions and completeness
10.4230/lipics.icalp.2016.20	Hamming distance	communication complexity	data stream model
10.4230/lipics.approx/random.2020.46	Hamming distance	k-mismatch	sketches	rotation	cyclic shift	communication complexity	Theory of computation → Pattern matching	Theory of computation → Sketching and sampling
10.4230/oasics.sosa.2018.10	Pattern Matching	Hamming Distance	Approximation Algorithms
10.4230/lipics.cpm.2019.14	fine grained complexity	approximate pattern matching	matrix products	Theory of computation → Design and analysis of algorithms
10.4230/lipics.approx/random.2020.35	streaming algorithms	approximate pattern matching	Theory of computation → Streaming, sublinear and near linear time algorithms
10.4230/lipics.cpm.2019.15	Approximate Pattern Matching	l_p Distance	l_1 Distance	Hamming Distance	Approximation Algorithms	Theory of computation → Design and analysis of algorithms
10.4230/lipics.isaac.2020.4	Longest Common Increasing Subsequence	Four Russians	Theory of computation → Design and analysis of algorithms
10.4230/lipics.isaac.2020.6	algorithms	dynamic time warping distance	longest increasing subsequence	semi-local sequence comparison	Theory of computation → Pattern matching
10.4230/lipics.isaac.2020.23	Permutations	pattern avoidance	counting cycles	Theory of computation → Algorithm design techniques
10.4230/lipics.isaac.2020.27	informative labeling scheme	reachability	DAG	Theory of computation → Data structures design and analysis
10.4230/lipics.isaac.2020.29	range mode	space-efficient data structure	enumeration algorithm	Theory of computation → Data structures design and analysis
10.4230/lipics.isaac.2020.48	Data compression	data structures	persistent strings	Theory of computation → Data structures design and analysis
10.4230/lipics.fsttcs.2020.14	String indexing	pattern matching	consecutive occurrences	Theory of computation → Pattern matching	Theory of computation → Data structures design and analysis
10.4230/lipics.sea.2021.7	integer data structures	dynamic data structures	predecessor	universe reduction	y-fast trie	fusion tree	B-tree	Theory of computation → Predecessor queries
10.4230/lipics.sea.2021.12	String Processing	Pattern matching	Document listing	Document retrieval	Succinct data structures	Repetitive text collections	Information systems → Data compression
10.4230/lipics.cpm.2021.1	Maximal repetitions	Squares	Lyndon words	Mathematics of computing → Combinatorics on words
10.4230/lipics.cpm.2021.2	edit distance	streaming algorithms	approximation algorithms	sketching	Theory of computation → Pattern matching
10.4230/lipics.cpm.2021.3	pattern matching	elastic-degenerate string	matrix multiplication	Mathematics of computing
10.4230/lipics.cpm.2021.5	Pattern Matching	Hamming Distance	Suffix Tree	Suffix Array	Theory of computation → Pattern matching	Theory of computation → Sorting and searching
10.4230/lipics.cpm.2021.7	Burrows-Wheeler Transform	Lyndon words	Circular Suffix Array	Suffix Array Construction Algorithm	Theory of computation	Mathematics of computing → Combinatorics on words
10.4230/lipics.cpm.2021.10	String indexing	two patterns	consecutive occurrences	conditional lower bound	Theory of computation → Data structures design and analysis	Theory of computation → Pattern matching
10.4230/lipics.cpm.2021.11	Permutation	Algorithm	Mathematics of computing → Permutations and combinations
10.4230/lipics.cpm.2021.12	2D-string	cover	dynamic Klee’s measure problem	Theory of computation → Pattern matching
10.4230/lipics.cpm.2021.14	Parameterized complexity	Kernelization	Approximation Hardness	Longest Subsequence	Theory of computation → Fixed parameter tractability	Theory of computation → Approximation algorithms analysis	Theory of computation → Graph algorithms analysis
10.4230/lipics.cpm.2021.15	data structures	weighted trees	path queries	categorical queries	coloured queries	categorical path counting	categorical path range counting	Theory of computation → Data structures design and analysis
10.4230/lipics.cpm.2021.19	string algorithms	data sanitization	edit distance	dynamic programming	Theory of computation → Pattern matching
10.4230/lipics.cpm.2021.20	pattern matching	string matching	Burrows-Wheeler transform	labeled graphs	Mathematics of computing → Graph algorithms	Mathematics of computing → Combinatorics on words
10.4230/lipics.cpm.2021.21	Enumeration algorithm	Burrows-Wheeler transform	Maximal repeats	Minimal unique substrings	Minimal absent words	Theory of computation → Data compression
10.4230/lipics.cpm.2021.23	pattern matching	gapped palindromes	suffix tree	Theory of computation → Pattern matching
10.4230/lipics.cpm.2021.24	Itemsets	Data Sequences	Co-occurrence	Theory of computation → Streaming, sublinear and near linear time algorithms
10.4230/lipics.cpm.2021.25	Phylogenetic tree comparison	Robinson-Foulds Distance	Optimal tree completion	Algorithms	Dynamic programming	Applied computing → Molecular evolution	Mathematics of computing → Combinatorial optimization	Theory of computation → Dynamic programming	Mathematics of computing → Trees
10.4230/lipics.icalp.2021.7	SAT	edit distance	fine-grained complexity	conditional lower bound	sequence alignment	Theory of computation → Design and analysis of algorithms
10.4230/lipics.icalp.2021.12	tree edit distance	edit distance	dynamic programming	Theory of computation → Pattern matching
10.4230/lipics.icalp.2021.13	approximation algorithms	longest common subsequence	subquadratic	Theory of computation → Design and analysis of algorithms
10.4230/lipics.icalp.2021.39	approximation algorithm	longest common subsequence	string algorithm	Theory of computation → Approximation algorithms analysis
10.4230/lipics.icalp.2021.48	longest common subsequence	edit distance	planar graphs	Voronoi diagrams	Theory of computation → Pattern matching	Theory of computation → Shortest paths
10.4230/lipics.icalp.2021.54	Edit Distance	Longest Common Subsequence	Longest Increasing Subsequence	Space Efficient Algorithm	Approximation Algorithm	Theory of computation → Design and analysis of algorithms
10.4230/lipics.icalp.2021.71	Succinct data structures	Pattern Matching	Theory of computation → Pattern matching
10.4230/lipics.icalp.2021.79	data structure	heap	priority queue	amortized analysis	self-adjusting	Theory of computation → Data structures design and analysis
10.4230/lipics.icalp.2021.88	sorting	small integers	boolean circuits	Theory of computation → Sorting and searching
10.4230/lipics.wabi.2021.8	k-mer counting	data structures	compression	minimizers	compressed static function	Bloom filter	empirical entropy	Applied computing
10.4230/lipics.wabi.2021.13	data compression	compact data structures	FM-index	Burrows-Wheeler Transform	EBWT	XBWT	DNA reads	Theory of computation → Data compression
10.4230/lipics.mfcs.2021.48	Pattern with variables	Matching algorithms	Hamming distance	Conditional lower bounds	Patterns with structural restrictions	Theory of computation → Design and analysis of algorithms	Theory of computation → Formal languages and automata theory
10.4230/lipics.esa.2021.15	Suffix array	suffix sorting	Lyndon words	string algorithms	Theory of computation → Design and analysis of algorithms
10.4230/lipics.esa.2021.28	Range searching	dynamic data structures	word RAM	Theory of computation → Computational geometry	Theory of computation → Data structures design and analysis
10.4230/lipics.esa.2021.35	similarity measure	string distance	exact algorithms	upper bounds	lower bounds	Theory of computation → Parameterized complexity and exact algorithms	Theory of computation → Algorithm design techniques
10.4230/lipics.esa.2021.45	grammar-based compression	balancing	finger search	Theory of computation → Design and analysis of algorithms
10.4230/lipics.esa.2021.46	2D Colored orthogonal range counting	stabbing queries	geometric data structures	Theory of computation → Computational geometry	Theory of computation → Data structures design and analysis
10.4230/lipics.esa.2021.56	grammar compression	straight-line program	SLP	AVL grammar	Lempel-Ziv compression	LZ77	dictionary compression	Theory of computation → Data compression	Theory of computation → Pattern matching
10.4230/lipics.isaac.2021.1	Streaming algorithms	Pattern matching	Hamming distance	Edit distance	Theory of computation → Pattern matching	Theory of computation → Sketching and sampling
10.4230/lipics.isaac.2021.60	Pattern Matching	Succinct Data Structures	Theory of computation → Pattern matching
10.4230/lipics.isaac.2021.64	Data compression	Compressed data structures	Entropy	Theory of computation → Data compression	Theory of computation → Data structures design and analysis
10.4230/lipics.isaac.2021.65	string algorithms	dictionary matching	wildcards	record linkage	query term dropping	Theory of computation → Pattern matching
10.4230/lipics.isaac.2021.66	level ancestor queries	lowest common ancestor queries	bottleneck vertex queries	resilient data structures	faulty-RAM model	dynamic trees	Theory of computation → Data structures design and analysis
10.4230/lipics.stacs.2022.11	Algorithmic randomness	Martingales	Probabilistic computation	Almost everywhere domination	Theory of computation → Computability
10.4230/lipics.swat.2022.18	Ultra-wide word RAM model	predecessor	word-level parallelism	Theory of computation → Data structures design and analysis
10.4230/lipics.swat.2022.32	Unit disks	disk range searching	batched range searching	distance selection	discrete 2-center	arrangements	cuttings	Theory of computation → Computational geometry	Theory of computation → Design and analysis of algorithms
10.4230/lipics.icalp.2022.32	Edit Distance	Property Testing	Preprocessing	Precision Sampling	Theory of computation → Streaming, sublinear and near linear time algorithms
10.4230/lipics.icalp.2022.68	Sorting algorithms	Merge sorting algorithms	Analysis of algorithms	Theory of computation → Sorting and searching
10.4230/lipics.icalp.2022.94	All-Pairs Lowest Common Ancestor	Fine-Grained Complexity	Theory of computation → Graph algorithms analysis
10.4230/lipics.icalp.2022.99	lossless data compression	Burrows-Wheeler transform	highly repetitive text collections	Theory of computation → Data compression
10.4230/lipics.sea.2022.16	Compressed String Indexes	Repetitive Text Collections	Burrows-Wheeler Transform	Theory of computation → Data compression
10.4230/lipics.sea.2022.22	Burrows-Wheeler Transform	r-index	maximal unique matches	bioinformatics	pangenomics	Theory of computation → Data structures design and analysis
10.4230/lipics.stacs.2022.7	subword	subsequence	definability	expressiveness	first order logic	existential fragment	quantifier alternation	Theory of computation → Complexity theory and logic	Theory of computation → Logic
10.48550/arxiv.2208.08915	Data Structures and Algorithms (cs.DS)	FOS: Computer and information sciences	FOS: Computer and information sciences
10.4230/lipics.cpm.2022.18	Pattern matching	Hamming distance	dynamic algorithms	Theory of computation → Pattern matching
10.4230/lipics.stacs.2014.506	compressed data structures	compressed indexes	pattern matching
10.4230/lipics.cpm.2020.21	In-Place Algorithms	Burrows-Wheeler transform	Lyndon words	Theory of computation	Mathematics of computing → Combinatorics on words
10.4230/lipics.mfcs.2022.72	word problems for groups	streaming algorithms	Theory of computation → Problems, reductions and completeness
10.4230/lipics.esa.2020.15	BWT	NP-hardness	APX-hardness	Theory of computation → Problems, reductions and completeness
10.4230/lipics.stacs.2021.35	Lyndon Factorization	String Algorithms	Burrows-Wheeler Transform	Theory of computation → Problems, reductions and completeness
10.4230/lipics.cpm.2021.8	suffix tree	weighted ancestors	irreducible LCP	deterministic substring hashing	Theory of computation → Pattern matching
10.4230/lipics.cpm.2023.21	all-pairs suffix-prefix	suffix-prefix queries	internal pattern matching	Theory of computation → Pattern matching
10.4230/lipics.itcs.2018.35	Distributed PCP	Longest Common Subsequence	Fine-grained Complexity	Strong Exponential Time Hypothesis
10.4230/lipics.fsttcs.2018.40	algorithms	SETH	communication complexity	run-length encoding
10.4230/lipics.esa.2020.28	Binary Search Tree	Potential Function	Inversion	Data Structures	Online Algorithms	Theory of computation → Data structures design and analysis
10.4230/lipics.stacs.2021.25	Subsequence	Scattered factor	Subword	Universality	k-subsequence universality	Edit distance	Efficient algorithms	Theory of computation → Formal languages and automata theory	Theory of computation → Design and analysis of algorithms
10.4230/lipics.stacs.2021.34	Simon’s congruence	Subsequence	Scattered factor	Efficient algorithms	Theory of computation → Formal languages and automata theory	Theory of computation → Design and analysis of algorithms
10.4230/lipics.stacs.2023.53	Binary Search Trees	Greedy Future	Geometric Greedy	Lower Bounds	Dynamic Optimality Conjecture	Theory of computation → Online algorithms	Theory of computation → Sorting and searching
10.4230/lipics.stacs.2014.554	Data-oblivious algorithms	Data-oblivious data structures	Oblivious RAM	Secure multi-party computation	Secure cloud computing
10.4230/lipics.esa.2017.38	Compact data structures	encodings	order-preserving matching
10.4230/lipics.isaac.2017.35	Parameterized Pattern Matching	Suffix tree	Burrows-Wheeler Transform	Wavelet Tree	Fully-functional succinct tree
10.4230/lipics.icalp.2022.65	Data Structures	Suffix Trees	String Algorithms	Compression	Theory of computation → Data structures design and analysis
10.4230/lipics.cpm.2021.18	String Matching	Suffix Array	FM-index	Compact Index	Cartesian Tree Matching	Theory of computation → Pattern matching
10.4230/lipics.cpm.2023.23	Palindrome matching	Generalized string pattern matching	Indexing	Theory of computation → Pattern matching
10.4230/lipics.wabi.2022.12	gapped k-mer	k-mer	counting	Cuckoo hashing	parallelization	Applied computing → Molecular sequence analysis	Applied computing → Bioinformatics	Theory of computation → Bloom filters and hashing	Theory of computation → Data structures design and analysis
10.4230/lipics.cpm.2022.11	Compressed text indexes	Burrows-Wheeler Transform	highly repetitive text collections	Theory of computation → Data compression
10.4230/lipics.wabi.2018.2	Burrows-Wheeler Transform	prefix-free parsing	compression-aware algorithms	genomic databases
10.4230/lipics.cpm.2021.13	Pattern matching	r-index	compressed text indexing	repetitive text collections	Theory of computation → Pattern matching
10.4230/lipics.esa.2021.64	string algorithms	string sampling	text indexing	top-K similarity search	Theory of computation → Pattern matching
10.4230/lipics.icalp.2021.101	Compressed text indexes	Burrows-Wheeler transform	highly repetitive text collections	Theory of computation → Data compression
10.4230/lipics.wabi.2018.21	degenerate strings	generalised degenerate strings	elastic-degenerate strings	string comparison	palindromes
10.4230/lipics.cpm.2018.9	elastic degenerate pattern matching	boolean convolution
10.4230/lipics.icalp.2019.21	string algorithms	pattern matching	elastic-degenerate string	matrix multiplication	fast Fourier transform	Theory of computation → Pattern matching
10.4230/lipics.cpm.2023.11	elastic-degenerate string	sequence comparison	languages intersection	pangenome	acronym identification	Theory of computation → Pattern matching
10.4230/lipics.isaac.2021.20	orthogonal vectors hypothesis	multiple sequence alignment	segmentation	Theory of computation → Problems, reductions and completeness	Theory of computation → Graph algorithms analysis	Theory of computation → Pattern matching	Theory of computation → Sorting and searching	Theory of computation → Dynamic programming	Applied computing → Genomics
10.4230/lipics.cpm.2017.9	string algorithms	pattern matching	degenerate strings	elastic-degenerate strings	on-line algorithms
10.4230/lipics.cpm.2020.14	string matching	indeterminate strings	Cartesian trees	order-preserving matching	parameterized matching	Theory of computation → Pattern matching
10.4230/lipics.wabi.2020.7	Pangenome indexing	founder reconstruction	multiple sequence alignment	compressed data structures	string matching	Theory of computation → Pattern matching	Theory of computation → Sorting and searching	Theory of computation → Dynamic programming	Applied computing → Genomics
10.4230/lipics.sea.2018.16	on-line algorithms	algorithms on strings	dictionary matching	elastic-degenerate string	Variant Call Format
10.4230/dagrep.6.10.99	algorithms on compressed structures	data compression	indexing	straight- line programs
10.4230/dagrep.8.7.44	adaptive (analysis of) algorithms	compressed data structures	compressed indices	parameterized complexity
10.4230/dagrep.9.6.55	Bioinformatics	FOS: Computer and information sciences	Burrows-Wheeler Transform	Combinatorics on Words	Data Compression	Data Structures	Indexing	Sequence Alignment
10.4230/lipics.mfcs.2022.77	Monadic Second-Order Logic	Uniformization	Theory of computation → Logic and verification
10.4230/lipics.wabi.2022.2	Spectrum preserving string sets	Eulerian cycle	Suffix tree	Bidirected arc-centric de Bruijn graph	k-mer based methods	Applied computing → Computational biology	Theory of computation → Data compression	Theory of computation → Graph algorithms analysis	Theory of computation → Data structures design and analysis
10.4230/lipics.wabi.2022.4	Substring Cover	PBWT	Haplotype Threading	Haplotype Matching	Applied computing → Computational biology	Applied computing → Genetics
10.4230/lipics.wabi.2022.9	K-Mers	Weights	Compression	Hashing	Applied computing → Bioinformatics
10.4230/lipics.wabi.2022.18	Wheeler graphs	BWT tunnelling	prefix-free parsing	pangenomic graphs	Theory of computation → Theory and algorithms for application domains
10.4230/lipics.wabi.2022.20	Generalized suffix array	matching statistics	string collections	compressed representation	data structures	efficient algorithms	Theory of computation → Design and analysis of algorithms
10.4230/lipics.wabi.2022.22	Locality-sensitive hashing	locality-sensitive bucketing	long reads	embedding	Applied computing → Bioinformatics	Applied computing → Computational biology
10.4230/lipics.wabi.2022.23	Phylogeny	partition tree	BWT	positional cluster	alignment-free	reference-free	assembly-free	Applied computing → Bioinformatics	Mathematics of computing → Combinatorial algorithms
10.4230/lipics.wabi.2022.25	Data Structure	Indexation	Local Sensitive Hashing	Genomes	Databases	Applied computing → Bioinformatics
10.4230/lipics.esa.2022.12	repetitiveness measures	string attractor	bidirectional macro scheme	Theory of computation → Data compression
10.4230/lipics.esa.2022.34	F₀ Estimation	Streaming	Sampling	Theory of computation → Sketching and sampling
10.4230/lipics.esa.2022.57	Adaptive prefix-free coding	Shannon coding	Lookup tables	Theory of computation → Design and analysis of algorithms
10.4230/lipics.esa.2022.85	Čern{ý} conjecture	reset threshold	reset word	subset checking	synchronizing automaton	synchronizing word	Theory of computation → Algorithm design techniques	Theory of computation → Formal languages and automata theory
10.4230/lipics.esa.2022.87	Cuckoo Hashing	Random Walk	Random Hypergraph	Peeling	Cores	Theory of computation → Bloom filters and hashing	Theory of computation → Design and analysis of algorithms	Mathematics of computing → Random graphs
10.4230/lipics.esa.2022.90	Dynamic time warping distance	approximation algorithms	run-length encodings	computational geometry	Theory of computation → Approximation algorithms analysis
10.4230/lipics.isaac.2022.15	palindromes	suffix trees	tries	labeled trees	eertrees	Theory of computation → Pattern matching
10.4230/lipics.isaac.2022.21	Data Structures	External Memory	Buffer Tree	Theory of computation → Data structures design and analysis	Theory of computation → Sorting and searching	Theory of computation → Design and analysis of algorithms
10.4230/lipics.isaac.2022.44	Tree edit distance	unification	parameterized algorithms	Theory of computation → Graph algorithms analysis
10.4230/lipics.isaac.2022.61	Compact Data Structure	String Matching	Order-Preserving Matching	Suffix Array	FM-index	Binary Search Tree	Theory of computation → Pattern matching
10.4230/lipics.isaac.2022.65	Succinct Data Structures	Lists	Dynamic Data Structures	Theory of computation → Data structures design and analysis
10.4230/lipics.itcs.2023.58	edit distance	Hamming distance	Longest Common Extension queries	Theory of computation → Pattern matching	Theory of computation → Streaming, sublinear and near linear time algorithms
10.4230/lipics.stacs.2023.48	Finite-state dimension	Finite-state compression	Absolutely dimensioned numbers	Exponential sums	Weyl criterion	Normal numbers	Mathematics of computing → Information theory
10.4230/lipics.stacs.2023.52	Word reconstruction	Subwords	Factors	Theory of computation → Design and analysis of algorithms	Mathematics of computing → Combinatorics on words
10.4230/lipics.cpm.2023.1	Set intersection problem	Adaptive Algorithms	Compressed and compact data structures	Theory of computation → Data compression	Theory of computation → Design and analysis of algorithms	Theory of computation → Data structures and algorithms for data management	Information systems → Information retrieval query processing
10.4230/lipics.cpm.2023.2	Longest run subsequence problem	bounded occurrence	approximation algorithm	Theory of computation → Design and analysis of algorithms
10.4230/lipics.cpm.2023.3	Data Compression	LZ-End	Repetitiveness measures	Theory of computation → Data compression
10.4230/lipics.cpm.2023.6	String matching	edit distance	Levenshtein	parameterized matching	parameterized words	parameter words	instantiable words	NP-completeness	MAX-SAT	Theory of computation → Pattern matching
10.4230/lipics.cpm.2023.7	string matching	parameterized algorithms	FPT inside P	string algorithms	graph algorithms	directed acyclic graphs	labeled graphs	funnels	Theory of computation → Parameterized complexity and exact algorithms	Theory of computation → Pattern matching	Mathematics of computing → Graph algorithms
10.4230/lipics.cpm.2023.8	data structures	string algorithms	fractional cascading	Theory of computation → Pattern matching
10.4230/lipics.cpm.2023.9	Bit-parallelism	quantum computation	string matching	level DAGs	Theory of computation → Quantum computation theory	Theory of computation → Parallel algorithms	Theory of computation → Pattern matching	Theory of computation → Graph algorithms analysis
10.4230/lipics.cpm.2023.10	Morphism	Burrows-Wheeler transform	Sturmian word	Sturmian morphism	Thue-Morse morphism	Repetitiveness measure	Mathematics of computing → Combinatorics on words	Theory of computation → Data compression
10.4230/lipics.cpm.2023.12	Compressed indexing	two patterns	consecutive occurrences	Theory of computation → Data compression	Theory of computation → Pattern matching
10.4230/lipics.cpm.2023.13	repetitions	distinct squares	order-isomorphism	Theory of computation → Pattern matching
10.4230/lipics.cpm.2023.14	multi-labelled tree	phylogenetic tree	consistent	compatible	pruning	algorithm	NP-complete	Theory of computation → Pattern matching
10.4230/lipics.cpm.2023.17	optimization problems	answer set programming	MAX-SAT encoding	NP-hard string problems	Theory of computation	Computing methodologies → Artificial intelligence	Theory of computation → Discrete optimization	Hardware → Theorem proving and SAT solving
10.4230/lipics.cpm.2023.18	phylogenetic trees	parameterized complexity	tree distances	NNI	TBR	Theory of computation → Parameterized complexity and exact algorithms	Applied computing → Molecular evolution	Applied computing → Computational genomics
10.4230/lipics.cpm.2023.19	string factorization	NP-hard problem	approximation algorithm	Theory of computation → Approximation algorithms analysis
10.4230/lipics.cpm.2023.20	MinHash sketching	sequence similarity	hashing	Theory of computation → Bloom filters and hashing
10.4230/lipics.cpm.2023.22	heap	trie	longest common prefix	Theory of computation → Theory and algorithms for application domains
10.4230/lipics.cpm.2023.24	grammar-based indices	maximal exact matches	locally consistent grammars	substring complexity	Theory of computation → Data structures design and analysis
10.4230/lipics.cpm.2023.25	L-systems	String morphisms	Repetitiveness measures	Text compression	Mathematics of computing → Combinatorics on words	Theory of computation → Data compression
10.4230/lipics.cpm.2023.26	Compact data structures	Burrows-Wheeler Transform	run-length compression	maximal exact matches	Theory of computation → Pattern matching
10.4230/lipics.icalp.2021.100	longest increasing subsequence	monotonicity	distance estimation	sublinear algorithms	Theory of computation → Streaming, sublinear and near linear time algorithms
10.4230/lipics.stacs.2009.1814	Compression	Permutations	Succinct data structures	Adaptive sorting
10.4230/lipics.stacs.2010.2478	Language equations	computability	arithmetical hierarchy	hyper-arithmetical hierarchy
10.4230/lipics.stacs.2011.225	Automata and formal languages; Combinatorics on words; Graph theory; Subword complexity; Feasible functions; Partial words; Sturmian words.
10.4230/lipics.fsttcs.2011.423	String matching	bit parallelism	real time	space efficiency
10.4230/lipics.stacs.2012.290	mode	range query	data structure	linear space	array
10.4230/lipics.stacs.2012.624	pattern matching	compression	Lempel-Ziv-Welch
10.4230/lipics.stacs.2013.233	Word equations	exponent of periodicity	string unification
10.4230/lipics.stacs.2013.257	Stringology	Pattern matching	Repetition	Pseudo-repetition
10.4230/lipics.stacs.2014.75	Weighted Coloring	Max Coloring	Exponential Time Hypothesis	3-SAT
10.4230/lipics.stacs.2014.337	Stringology	Pattern matching	Repetition	Pseudo-repetition
10.4230/lipics.stacs.2016.44	random word	period	word border
10.4230/lipics.swat.2016.7	dictionary	mergeable	data structure	merge	split
10.4230/lipics.swat.2016.10	Parameterized Dictionary Indexing	Generalized Suffix Tree	Succinct Data Structures	Sparsification
10.4230/lipics.cpm.2016.18	streaming algorithms	space lower bounds	real-time algorithms	palin- dromes	Monte Carlo algorithms
10.4230/lipics.cpm.2016.20	Permutation	Subsequence	Pattern Matching	Order Preserving	Boxed Mesh Pattern
10.4230/lipics.cpm.2016.22	suffix trees	DAWGs	multiple texts	online algorithms
10.4230/lipics.cpm.2016.2	Parameterized Matching	Order-preserving Matching	Dictionary Indexing	Aho-Corasick Automaton	Sparsification
10.4230/lipics.cpm.2016.25	Marked ancestor	Vertex-label distance oracles	Nearest colored descend- ant	Top-trees
10.4230/lipics.icalp.2016.92	Data Structures	Lower Bounds	Cell Probe Model	Range Reporting
10.4230/lipics.esa.2016.38	in-place sorting	Quicksort	branch mispredictions	lean programs
10.4230/lipics.mfcs.2016.58	computable analysis	Weihrauch reducibility	recursion theory	linear algebra
10.4230/lipics.stacs.2018.56	avoiding word	Cerny conjecture	reset length	reset threshold	reset word	synchronizing automaton	synchronizing word
10.4230/lipics.stacs.2023.50	Parameterized algorithms	Dynamic data structures	String problems	Closest String	Edit Distance	Disjoint Factors	Predecessor problem	Theory of computation → Fixed parameter tractability	Theory of computation → Predecessor queries
10.4230/lipics.stacs.2015.288	graph algorithms	depth-first search	single-source shortest paths	register input model
10.4230/lipics.cpm.2021.6	string algorithms	internal queries	shortest absent word	bit parallelism	Theory of computation → Pattern matching
10.4230/lipics.fun.2024.1	Undecidability	Baba is You	RE-hardness	counter machines	universal computation	Theory of computation → Problems, reductions and completeness
10.4230/lipics.fun.2024.3	Data structure	Snake	Nokia	String Algorithms	Theory of computation → Data structures design and analysis
10.4230/lipics.fun.2024.13	string matching	sampling	Theory of computation → Pattern matching	Information systems → Information retrieval
10.4230/lipics.esa.2019.5	string algorithms	dynamic algorithms	squares	repetitions	runs	Theory of computation → Pattern matching
10.4230/lipics.cpm.2017.23	palindrome	palindromic length	palindromic factorization	online
10.4230/lipics.cpm.2023.5	dynamic programming	incremental trees	exact algorithm	Theory of computation → Pattern matching
10.4230/lipics.cpm.2017.15	Lempel-Ziv parsing	sliding window	rightmost matching
10.4230/lipics.icalp.2020.27	string algorithms	dynamic algorithms	longest common substring	Theory of computation → Pattern matching
10.4230/lipics.cpm.2020.5	longest common substring	time-space tradeoff	local consistency	periodicity	Theory of computation → Pattern matching
10.4230/lipics.cpm.2020.8	dictionary matching	internal pattern matching	squares	Theory of computation → Pattern matching
10.4230/lipics.cpm.2018.19	Lyndon word	Lyndon factorization	Lyndon tree	Edit operation
10.4230/lipics.isaac.2020.25	succinct data structures	distance oracles	ordinal tree	level order	breadth-first order	interval graphs	proper interval graphs	succinct graph representation	Theory of computation → Data structures design and analysis	Theory of computation → Data compression
10.4230/lipics.esa.2020.54	orthogonal range search	geometric data structures	orthogonal range reporting	orthogonal range successor	sorted range reporting	text indexing	word RAM	Theory of computation → Computational geometry	Theory of computation → Data structures design and analysis
10.4230/lipics.esa.2022.35	approximate circular pattern matching	Hamming distance	edit distance	Theory of computation → Pattern matching
10.4230/lipics.isaac.2018.67	Succinct Data Structure	Chordal Graph
10.4230/lipics.icalp.2022.49	Dyck Edit Distance	RNA Folding	String Algorithms	Theory of computation → Approximation algorithms analysis
10.4230/lipics.cpm.2023.16	String Matching	Deterministic Finite Automata	Graph Indexing	Co-lexicographical Sorting	Theory of computation → Pattern matching	Theory of computation → Formal languages and automata theory
10.4230/lipics.cpm.2023.15	cyclic cover	cyclic root	circular pattern matching	internal pattern matching	Theory of computation → Pattern matching
10.4230/lipics.cpm.2021.4	Bracelets	Ranking	Necklaces	Mathematics of computing → Combinatorics on words
10.4230/lipics.isaac.2018.70	longest unbordered factor	factorisation	period	border	strings
10.4230/lipics.esa.2020.39	text indexing	longest common prefix	space efficient data structures	Theory of computation → Pattern matching
10.4230/lipics.cpm.2019.17	Burrows-Wheeler Transform	Lyndon words	Text Indexing	Theory of computation	Mathematics of computing → Combinatorics on words
10.4230/lipics.esa.2018.33	Edit distance	Block operations	Common string partition
10.4230/lipics.cpm.2023.4	String indexing	pattern matching	sliding window	streaming	Theory of computation → Pattern matching	Theory of computation → Data structures design and analysis
10.4230/lipics.cpm.2019.2	Lyndon words	Infinite words	Left Lyndon trees	Left Cartesian trees	Mathematics of computing → Combinatorics on words
10.4230/lipics.cpm.2021.9	string algorithms	forbidden strings	de Bruijn graphs	data sanitization	Theory of computation → Pattern matching
10.4230/lipics.stacs.2014.386	string algorithms	sparse suffix sorting	sparse suffix trees	Karp-Rabin fingerprints	space-time tradeoffs
10.4230/lipics.stacs.2014.675	Lempel-Ziv Factorization	String Index
10.4230/lipics.cpm.2020.27	Maximal repeats	Extensions of maximal repeats	Combinatorics on compressed strings	LZ77	Burrows-Wheeler transform	Burrows-Wheeler transform conjecture	Compact suffix automata	CDAWGs	Mathematics of computing → Combinatorics on words	Mathematics of computing → Combinatoric problems
10.4230/lipics.esa.2022.48	Lyndon table	Lyndon array	Lyndon word	nearest smaller suffixes	lexicographical ordering	general ordered alphabets	combinatorial algorithms	Theory of computation → Design and analysis of algorithms
10.4230/lipics.icalp.2020.14	String algorithms	string suffixes	succinct data structures	Lyndon word	Lyndon array	nearest smaller values	nearest smaller suffixes	Theory of computation → Design and analysis of algorithms
10.4230/lipics.cpm.2019.22	Streaming algorithms	quasi-periodicity	covers	seeds	Theory of computation → Pattern matching
10.4230/lipics.sea.2017.25	Minimal Perfect Hash Functions	Algorithms	Data Structures	Big Data
10.4230/lipics.sea.2017.12	Succinct Data Structures	Range Minimum Queries	Algorithm Engineering
10.4230/lipics.esa.2021.70	analysis of algorithms	universal source code	compressed trees	succinct data structure	succinct trees	tree covering	random binary search trees	range-minimum queries	Theory of computation → Data compression	Theory of computation → Data structures design and analysis
10.4230/lipics.icalp.2016.93	Data Structure Lower Bounds	Pointer Machine	Set Intersection	Pattern Matching
10.4230/lipics.cpm.2022.20	string algorithms	longest palindromic substring	longest common extension	Theory of computation → Pattern matching
10.4230/lipics.stacs.2018.22	exact pattern matching with wildcards	hamming distance	inner product	conditional lower bounds
10.4230/lipics.mfcs.2016.72	dynamic texts	longest common extension (LCE) queries	straight-line program
10.4230/lipics.cpm.2016.1	longest common extension	longest common prefix	sparse suffix array
10.4230/lipics.cpm.2017.18	Longest Common Extension (LCE) queries	compressed data structure	grammar compressed strings	Straight-Line Program (SLP)
10.4230/lipics.mfcs.2017.10	longest common extension	truncated suffix trees	t-covers
10.4230/lipics.cpm.2018.23	longest common factor	longest common substring	Hamming distance	heavy-light decomposition	difference cover
10.4230/lipics.esa.2021.30	longest common substring	k mismatches	wavelet tree	Theory of computation → Pattern matching
10.4230/lipics.cpm.2016.5	longest common extension	longest common prefix	maximal repetitions	difference cover
10.4230/lipics.cpm.2020.25	Sparse Dynamic Programming	Chaining	Maximal Exact Matches	Longest Common Subsequence	Theory of computation → Pattern matching	Theory of computation → Dynamic programming	Applied computing → Genomics
10.4230/lipics.mfcs.2019.43	word problem	compressed word problem	free groups	Theory of computation → Problems, reductions and completeness
10.4230/lipics.mfcs.2019.67	Depth First Search Tree	Compact Data Structures	Encoding Schemes	Mathematics of computing → Graph algorithms
10.4230/lipics.mfcs.2019.64	Succinct data structures	space efficiency	in-place chain technique	bounded universes	amortization	Theory of computation → Data structures design and analysis
10.4230/lipics.mfcs.2019.51	Random expressions	simplification algorithms	analytic combinatorics	Mathematics of computing → Discrete mathematics
10.4230/lipics.mfcs.2019.71	regular expressions	finite automata	regular expression parsing	algorithms	Theory of computation → Design and analysis of algorithms
10.4230/lipics.mfcs.2019.44	Quadratic Word Equations	Length Upper Bounds	NP	Unavoidable Patterns	Mathematics of computing → Combinatorics on words	Theory of computation → Problems, reductions and completeness
10.4230/lipics.mfcs.2019.66	String algorithms	Compression	Pattern matching	Run-length encoding	Theory of computation → Design and analysis of algorithms	Theory of computation → Data structures design and analysis
10.4230/lipics.wabi.2019.8	Population genomics	selection coefficient	haplotype block	positional Burrows-Wheeler Transform	Theory of computation → Pattern matching	Applied computing → Bioinformatics	Mathematics of computing → Combinatorial algorithms	Applied computing → Computational genomics
10.4230/lipics.stacs.2015.582	Lempel-Ziv factorization	runs	repetitions	decision tree	lower bounds
10.4230/lipics.stacs.2015.302	combinatorial pattern matching	combinatorics on words	patterns with variables	${cal NP}$-complete string problems
10.4230/lipics.isaac.2020.63	String Algorithms	Dynamic Algorithms	Suffix Array	Inverse Suffix Array	Theory of computation → Pattern matching	Theory of computation → Sorting and searching
10.4230/lipics.icdt.2020.21	Join algorithms	Compact data structures	Quadtrees	AGM bound	Theory of computation → Database query processing and optimization (theory)	Theory of computation → Data structures and algorithms for data management
10.48550/arxiv.2203.14540	Data Structures and Algorithms (cs.DS)	FOS: Computer and information sciences	FOS: Computer and information sciences
10.48550/arxiv.2205.05643	Data Structures and Algorithms (cs.DS)	FOS: Computer and information sciences	FOS: Computer and information sciences
10.48550/arxiv.2209.07524	Data Structures and Algorithms (cs.DS)	FOS: Computer and information sciences	FOS: Computer and information sciences
10.48550/arxiv.2210.02067	Data Structures and Algorithms (cs.DS)	FOS: Computer and information sciences	FOS: Computer and information sciences
10.48550/arxiv.2204.07327	Data Structures and Algorithms (cs.DS)	FOS: Computer and information sciences	FOS: Computer and information sciences
10.48550/arxiv.2204.05969	Data Structures and Algorithms (cs.DS)	FOS: Computer and information sciences	FOS: Computer and information sciences
10.48550/arxiv.2205.12421	Data Structures and Algorithms (cs.DS)	FOS: Computer and information sciences	FOS: Computer and information sciences
10.48550/arxiv.2206.00781	Data Structures and Algorithms (cs.DS)	FOS: Computer and information sciences	FOS: Computer and information sciences
10.48550/arxiv.2210.07979	Data Structures and Algorithms (cs.DS)	FOS: Computer and information sciences	FOS: Computer and information sciences
10.48550/arxiv.2207.04194	Data Structures and Algorithms (cs.DS)	FOS: Computer and information sciences	FOS: Computer and information sciences
10.48550/arxiv.2204.07916	Data Structures and Algorithms (cs.DS)	FOS: Computer and information sciences	FOS: Computer and information sciences
10.48550/arxiv.2204.03087	Data Structures and Algorithms (cs.DS)	FOS: Computer and information sciences	FOS: Computer and information sciences
10.48550/arxiv.2207.02571	Data Structures and Algorithms (cs.DS)	FOS: Computer and information sciences	FOS: Computer and information sciences
10.48550/arxiv.2203.02763	Data Structures and Algorithms (cs.DS)	FOS: Computer and information sciences	FOS: Computer and information sciences
